{"cameraMode":{"drawMode":0,"name":"Shaded","section":"Shading Mode"},"sceneLighting":false,"audioPlay":false,"sceneViewState":{"showFog":true,"showMaterialUpdate":false,"showSkybox":false,"showFlares":true,"showImageEffects":true,"showParticleSystems":true,"showVisualEffectGraphs":true,"m_FxEnabled":true},"in2DMode":false,"pivot":{"x":0.08349454402923584,"y":1.4932481050491334,"z":0.23702001571655274},"rotation":{"x":0.2887742817401886,"y":0.43613338470458987,"z":-0.15011809766292573,"w":0.8389683961868286},"size":1.1148529052734376,"orthographic":false}